Model,RMSE,MAE
SVD,0.8702891869010599,0.6701480154544106
KNNBasic,0.9539507546362268,0.7352385550676431
Random Predictor,1.423834418909589,1.136128427766828
BaselineOnly,0.8667143873422362,0.6696677686531108
